Name,URL,Description,Image
Bakthi Layam FM,https://stream.zeno.fm/fbetbdb8t18uv,"
Listen to Bhakthi Layam fm for the best Religious radio. Listen live",https://raw.githubusercontent.com/iarinapps/RadiosImages/refs/heads/main/bhakthilayamfm.jpg
Isaimurasu FM,https://usa8.fastcast4u.com/proxy/isaimurasufm?mp=/1,"
Isaimurasu FM is a Tamil FM FM radio will function in the name of Isaimurasu Nahoor Haniffa",https://raw.githubusercontent.com/iarinapps/RadiosImages/refs/heads/main/isaimurasufm.jpg
Vasantham FM,https://cp12.serverse.com/proxy/vasanthamfm?mp=/stream,"
Vasantham FM Sri lanka is Tamil Rdaio station brodvcasting live from Sri Lanka.Vasantham FM plays various Tamil songs. Vasantham FM primarily broadcasts content in the Tamil language that include Tamil News",https://raw.githubusercontent.com/iarinapps/RadiosImages/refs/heads/main/vasanthamfm.jpg
Thamil Thai FM,https://radio.massstream.net/8010/stream,"
Tamilthai (TTR) Live Radio",https://raw.githubusercontent.com/iarinapps/RadiosImages/refs/heads/main/tamilthaifm.jpg
Radio Suno Tamil,https://playerservices.streamtheworld.com/api/livestream-redirect/RADIO_SUNO_TAMIL_S01.mp3,"
Radio suno tamil is a web radio station provided by Radio suno malayalam 91.7.",https://raw.githubusercontent.com/iarinapps/RadiosImages/refs/heads/main/radio-suno-tamil.jpg
Namathu FM,https://s3.voscast.com:10527/stream?type=.mp3,"
Namathu FM is a 24X7 Tamil Online Radio Station Broadcast from France.A Dedicated online radio sttaion for Tamil speaking listeners from France.",https://raw.githubusercontent.com/iarinapps/RadiosImages/refs/heads/main/namathu.jpg
Tamil FM,https://shaincast.caster.fm:47814/listen.mp3,"
Tamil Radio 99.5 99.7 is Sri Lankas Youth Based Tamil FM radio station.Tamil FM is a majic in radio.Listen to Tamil FM Sri lanka to listen to popular Tamil super hit programmes.Tamil FM radio main audience are the youth of Tamilnadu and Sri Lanka.Listen to Tamil Fm Radio Sri Lanka online and listen to Cricket live score in Tamil and more.""",https://raw.githubusercontent.com/iarinapps/RadiosImages/refs/heads/main/tamilfm1-1.jpg
Tamil Amuthu Radio,https://stream.zeno.fm/p88vvwd0gm0uv,"
Tamil Amuthu Radio covers various kinds of hits and all set to engage you with this exciting and engaging radio station that is available to enjoy for everyone around the world and the radio is also online 24/7. So",https://raw.githubusercontent.com/iarinapps/RadiosImages/refs/heads/main/tamilamuthuradio.jpg
Radio Paramakurichi,https://vpmurugun.radioca.st/autodj,"
Radio Paramankurichi is a 24 x 7 Tamil Radio Station for the world wide Tamil people. This is broadcasting from Paramankurichi",https://raw.githubusercontent.com/iarinapps/RadiosImages/refs/heads/main/radioparamakurichi.jpg
89.4 Tamil FM,https://centova.aarenworld.com/proxy/894tamilfm/stream,"தமிழ் வானொலி 89.4 Tamil FM UAE’s favorite radio station is ON with energetic Tamil buddies (RJs) to recharge our Tamil makkal with தமிழ் மண்வாசனை! Idhu Namma Radio Namma Music!. 89.4 Tamil FM plays Tamilsongs with Latest UAE news updates Live phone in programs and more.listen to 89.4 Tamil FM live """,https://raw.githubusercontent.com/iarinapps/RadiosImages/refs/heads/main/894tamilfm.jpg
A9 Radio,https://a9radio1-a9media.radioca.st/stream,A9 RADIO Worlds # 1 Tamil Online Streaming Radio.A9 RADIO PLAYS High quality online Tamil radio AND Very good Tamil music,https://raw.githubusercontent.com/iarinapps/RadiosImages/refs/heads/main/a9logos.jpg
Covai FM,https://stream.zenolive.com/kzd2e3tx24zuv,"
Covai FM is the Number One Online Tamil Radio Station in the World!We are the Very Clearest Radio Channel in Tamil on Online…Stay Tuned with Us.Listen to Covai FM 95.5 live streaming online playing non stop Tamil super hit songs.Listen to Covai FM Coimbatore number one online radio staion.",https://raw.githubusercontent.com/iarinapps/RadiosImages/refs/heads/main/covaifm.jpg
Nanban FM,https://nanbanfm-unicast2u.radioca.st/stream,"
Nanban FM Tamil Online Radio From Dharmapuji",https://raw.githubusercontent.com/iarinapps/RadiosImages/refs/heads/main/nanbanfm.jpg
TRT Tamil Oli,https://radio13.pro-fhi.net:19236/stream.mp3,"
TRT Tamil Oli Radio France Brings all Tamilian across globe together. ‘Welcome to ரி-ஆர்-ரி’ (TRT) தமிழ்ஒலி வானொலி",https://raw.githubusercontent.com/iarinapps/RadiosImages/refs/heads/main/TRTTamilOli_2.jpg
Ilaiyaraja Radio,https://stream.zeno.fm/uayzbqr53d0uv,"
Ilaiyaraja Radio Tamil Music radio station online.Ilaiyaraja Radio plays non stop super hits Tamil songs composed by Isaignani Ilaiyaraja.Ilaiyaraja Radio plays 24/7 the best collection of super hit Tamil songs.""",https://raw.githubusercontent.com/iarinapps/RadiosImages/refs/heads/main/ilayaraja.jpg
Inbathamil oli,https://usa7.fastcast4u.com/proxy/ozmediae?mp=/1,"
Inbathamil oli fm is 24 Hours Pioneer Australia Tamil Radio இன்பத்தமிழ் ஒலி – வானலைகளின் வல்லரசன்.Inbathamil oli Tamil Radio from Sydney",https://raw.githubusercontent.com/iarinapps/RadiosImages/refs/heads/main/inbathamiloli.jpg
Big FM Tamil,https://stream.zeno.fm/r2gn1pgm4qruv,"
Big FM 92.7 Chennai is a Tamil radio station broadcasting from Chennai.Big FM Tamil plays top 100 Kalakal Hits and non stop Tamil super hits songs online.Listen to Youth centered super hit Fm radio station from Chennai online.""",https://raw.githubusercontent.com/iarinapps/RadiosImages/refs/heads/main/bigfm.jpg
Instrumental Music Radio,https://azuracast.vibesounds.in:8030/radio.mp3,"
Instrumental Music Radiostation online.Instrumental music of Tamil telugu hindi and english songs.Instrumental Music Radio plays Instrumental music non stop 24/7 on any device.""",https://raw.githubusercontent.com/iarinapps/RadiosImages/refs/heads/main/instrumental.jpg
Dharisanam FM,https://stream.zenolive.com/b741tfumhm8uv,"
Dharisanam FM is a tamil devotional radio playing Bakthi tamil songs from movies and other artists.Dharisanam FM plays all Tamil devotional songs online 24/7 live online.Listen to Dharisanam FM live online.""",https://raw.githubusercontent.com/iarinapps/RadiosImages/refs/heads/main/Dharisanam-FM.jpg
Vagai Tamil FM,https://vtfm2020-vtfm.radioca.st/stream,"
Vagai Tamil FM is a Tamil online radio station Playing Tamil super hit songs.Listen to non stop tamil super hit songs only Vagai TamilFM live streaming """,https://raw.githubusercontent.com/iarinapps/RadiosImages/refs/heads/main/vtfm.gif
Thayagam Tamil Radio,https://s3.yesstreaming.net:17045/stream,"
தாயகம் தமிழ் ஒலி பரப்புச் சேவை",https://raw.githubusercontent.com/iarinapps/RadiosImages/refs/heads/main/thayagam.jpg
Innisai FM,https://ec2.yesstreaming.net:1955/stream,"
Innisai FM is a Tamil  online radio broadcasting from Swiss.Innisai FM plays non stop Tamil super Hit songs.Listen to Innisai FM radio station online.""",https://raw.githubusercontent.com/iarinapps/RadiosImages/refs/heads/main/innisafm2.jpg
Thaalam FM,https://ec4.yesstreaming.net:1990/stream,"
Thaalam FM 88.9 HD3 Tamil Radio Station operating from Toronto",https://raw.githubusercontent.com/iarinapps/RadiosImages/refs/heads/main/thaalamfm.jpg
IBC Tamil Radio,https://rbx2.hnux.com/http://10454.cloudrad.io:6176/stream.mp3,IBC Tamil Radio is a Tamil language radio station with aim of building bridges of communion among Tamils all over the world.IBC Tamil Radio provide a trusted and indispensable source of information,https://raw.githubusercontent.com/iarinapps/RadiosImages/refs/heads/main/ibctamil.jpg
Tamil Panpalai Gold,https://tamilpanpalai.radioca.st/ind,"
Tamil Panpalai Gold plays Tamil old songs and Tamil classical songs and Tamil old song radio non stop 24 hours from Madiurai Tamilnadu.Listen to Tamil Panpalai Gold Tamil radio station online.",https://raw.githubusercontent.com/iarinapps/RadiosImages/refs/heads/main/Tamil-Panpalai.jpg
Tamil Amuthu Bakthi Radio,https://stream.zeno.fm/bpc3ucypmm0uv,"
Tamil Amuthu Bakthi Radio is a Tamil devotioal radio station.Tamil Amuthu Bakthi Radio plays non stop Tamil hindi devotional songs.Listen to Tamil Amuthu Bakthi Radio station online.""",https://raw.githubusercontent.com/iarinapps/RadiosImages/refs/heads/main/tamilamuthubhakthi.jpg
CMR Tamil HD Radio,https://live.cmr24.net/CMR/TamilHD-HQ/icecast.audio,"
CMR Tamil HD is an online radio station from Ontario (Canada).CMR represents the growing ethnic voice.CMR Tamil HD radio has news ",https://raw.githubusercontent.com/iarinapps/RadiosImages/refs/heads/main/tamilhdradio.jpg
AR Rahman,https://stream.zeno.fm/3z615n343d0uv,"
AR Rahman Tamil super hit radio station online.A.R Rahman radio plays super hit of oscar winner AR Rahman non stop Tamil super hit songs.AR Rahman FM radio plays super Hits composed by AR Rahman.""",https://raw.githubusercontent.com/iarinapps/RadiosImages/refs/heads/main/AR-Rahman.jpg
Adirai FM 90.4,https://listen.radioking.com/radio/188161/stream/230320,"
Adirai Fm 90.4 is a Tamil community Radio station broadcasting from Adirampattinam",https://raw.githubusercontent.com/iarinapps/RadiosImages/refs/heads/main/adiraifm.jpg
Mellisai FM,https://stream.zeno.fm/e9hsbbbey4zuv,"
Mellisai FM is a Tamil online radio station broadcasting from Dharmapuri.Mellisai FM plays tamil super hit film songs.Listen to Mellisai fm Tamil radio station online.",https://raw.githubusercontent.com/iarinapps/RadiosImages/refs/heads/main/mellisaifm.jpg
Time FM,https://neramfm.com:8000/stream,"
 Time FM is a Tamil Radio currently broadcasting in Montreal and Toronto. Time FM is the ONLY Tamil Radio broadcasting in Montreal.listen to our broadcast live on Montreal’s 102.9 FM & SCMO 89.3 FM and on Toronto’s SCMO 100.7 FM. Time FM mission is to spread the love we have for our culture and put together the building blocks for the next generation. We have multitudes of dynamic shows on our radio to keep our community up-to-date on worldwide incidents while giving full enjoyment to our increasingly expanding audience.Listen to Time FM Tamil radio station live streaming online . Time FM Tamil online radio plays Tamil internet news and Sri Lanka News.""",https://raw.githubusercontent.com/iarinapps/RadiosImages/refs/heads/main/timefm.jpg
US Tamil FM,https://streaming.radio.co/s0cfc93915/listen,"
US Tamil FM is a 24/7 Tamil Radio Station solely created for the Tamilians across the United States.",https://raw.githubusercontent.com/iarinapps/RadiosImages/refs/heads/main/ustamil.jpg
Vaagai Vaanoli,https://vaagai.radioca.st/stream2/listen#.mp3,"
 Vaagai Vaanoli is Tamil Internet Radio Staation broadcasting from South Australia. Vaagai Vaanoli is being fully run by volunteers.",https://raw.githubusercontent.com/iarinapps/RadiosImages/refs/heads/main/vaagaivaanoli.jpg
Eagle FM HD,https://streaming.radio.co/sf833cd785/listen,"
Eagle FM is a Tamil HD radio broadcasting from Tamilnadu.Eagle FM HD is a 24 hours tamil radio station playing Tamil super hit songs and plays Tamil Film Music.Listen to Eagle FM HD Tamil radio online.""",https://raw.githubusercontent.com/iarinapps/RadiosImages/refs/heads/main/eaglefm.jpg
Harris Jeyaraj,https://stream.zenolive.com/0bhsthssutzuv,"
Harris Jeyaraj radio station online.Harris Jeyaraj radio broadcasts non stop Tamil super hits songs of Harris Jeyaraj.Listen to Harris Jeyaraj radio station online.""",https://raw.githubusercontent.com/iarinapps/RadiosImages/refs/heads/main/harrisjayaraj.jpg
Thasbeeh Radio,https://stream.rcs.revma.com/pcr8x50uty8uv,"
Thasbeeh Radio Islam radio station online from Sri lanka.Listen To Tamil Bayan",https://raw.githubusercontent.com/iarinapps/RadiosImages/refs/heads/main/thasbeehradio.jpg
American Tamil Radio,https://cp11.serverse.com/proxy/hgsmgluv?mp=/stream,"
“அமெரிக்கத் தமிழ் ஊடகத்தின்” ஒரு அங்கமான அமெரிக்கத் தமிழ் வானொலி",https://raw.githubusercontent.com/iarinapps/RadiosImages/refs/heads/main/atr.jpg
Erode City FM,https://stream.zeno.fm/9fp1383f0d0uv,"
Erode City FM is a Tamil online radio station broadcasting from Erode. It plays All Time Good Tamil Songs 24/7 live online.Tune to the best of Tamil music radio.Listen to Erode City FM Tamil radio station online.""",https://raw.githubusercontent.com/iarinapps/RadiosImages/refs/heads/main/erode.jpg
Old Hits,https://a9oldhits-a9media.radioca.st/stream,"
Old Hits Tamil radio is part of A9 media.It plays the Tamil movie songs from old movies.Listen to Tamil super hits classical songs.Listen to Tamil Old Hits only on Old Hits radio station online.""",https://raw.githubusercontent.com/iarinapps/RadiosImages/refs/heads/main/a9logos.jpg
Sun Tamil Radio,https://stream.zenolive.com/yavek61461zuv.aac,"
Sun Tamil Radio is a Tamil radio station broadcasting from Sri Lnaka.Listen to layest kollywood Tamil super hits songs live streaming online """,https://raw.githubusercontent.com/iarinapps/RadiosImages/refs/heads/main/suntamilradio.jpg
Tamil Amuthu Chennai Radio,https://stream.zeno.fm/k9e5pmbktp8uv," Tamil Amuthu Chennai Radio covers various kinds of hits and all set to engage you with this exciting and engaging radio station that is available to enjoy for everyone around the world and the radio is also online 24/7. So, if you like Tamil Amuthu Chennai radio hit the play button and enjoy the music of your choice with the radio.Listen to Tamil Amuthu Chennai Radio station online.,இணையத்தில் முதலிடம்…. உங்கள் இதயத்திலும் முதலிடம்….
இது உங்கள் தமிழ் அமுது சென்னை வானொலி… இசையால் உலக தமிழர்களை ஈர்த்து கொண்டிருப்பது உங்கள் தமிழ் அமுது சென்னை வானொலி…. தொடர்ந்தும் இணையத்தின் ஊடாக.",https://raw.githubusercontent.com/iarinapps/RadiosImages/refs/heads/main/Tamil-Amuthu-Chennai-Radio.jpg
SLBC Tamil National Service,https://stream.zeno.fm/xekhrn4zetzuv,"SLBC Tamil National Service is the Tamil service of Sri Lanka Broadcasting Corporation in Sri Lanka. SLBC Tamil National Service radio plays Tamil news , Tamil songs and music.Listen to SLBC tamil radio station online.
இலங்கை வானொலி இலங்கையின் முன்னணி ஒலிபரப்பு நிலையமும் ஆசியாவின் முதல் வானொலி நிலையமுமாகும். இலங்கை ஒலிபரப்புக் கூட்டுத்தாபனம்",https://raw.githubusercontent.com/iarinapps/RadiosImages/refs/heads/main/slbctamil.jpg
Roobam FM,https://s3.radio.co/sadfae7495/listen,"Roobam FM is Toronto Digital Tamil radio from Canada.Roobam FM plays super hit Tamil songs and local news from Canada , sri Lanka and India.Listen to Roobam FM Tamil digital online radio station from Canada.",https://raw.githubusercontent.com/iarinapps/RadiosImages/refs/heads/main/roobamfm.jpg
Asal FM,https://stream.zeno.fm/pzgws1kc41zuv,"Asal FM radio plays Tamil and South Indian cinema music.Listen to Asal FM radio online.Asal FM radio plays super hit Tamil songs from alla eras.
இசை பிரியர்களே!! தங்களுடைய இசைப்பயணம் இனிமையாக தொடர அசல் இசை.",https://raw.githubusercontent.com/iarinapps/RadiosImages/refs/heads/main/asalfm.jpg
Nellai Tamil FM,https://stream.zeno.fm/5nu139840tzuv,"Nellai Tamil FM is a Tamil online radio station broadcasting from Tirunelveli .Nellai Fm plays tamil classic songs and melody songs online.Listen to Nellai Tamil FM radio station online.
நெல்லை தமிழ் வானொலி உங்களுக்காக இனிமையான பாடல்களை தொகுத்து வழங்க இருக்கிறோம். சிறந்த ஒலி அமைப்புடன் உங்களுடன் இனைகிறோம்.",https://raw.githubusercontent.com/iarinapps/RadiosImages/refs/heads/main/nellai-tamil-fm.jpg
Chellam FM,https://sugu.radioca.st/stream/stream/1,Chellam FM listen non-stop super hits Tamil songs 27/7.Chellam FM playlist contains a huge selection of Tamil super hits songs from the 80’s and 90’s.Chellam FM is also available on HQ.Listen to Chellam FM live streaming online.,https://raw.githubusercontent.com/iarinapps/RadiosImages/refs/heads/main/chellamfm.jpg
Anbu FM,https://stream.zeno.fm/c2p4f1np4bruv,"Anbu FM is Tamil online radio station broadcasting from Tiruppur.Anbu FM plays non stop Tamil super hit songs from Tamil movies.Listen to Anbu FM Tamil station online.
உலக தமிழர்களின் உள்ளங்களிளும் இல்லங்களிளும் அன்பா ஒலிக்கும்…",https://raw.githubusercontent.com/iarinapps/RadiosImages/refs/heads/main/anbufm.jpg
Lankasri FM,https://rbx2.hnux.com/http://5984.cloudrad.io:8032/stream.mp3,"Lankasri FM is your favorite Tamil FM Online from UK, Lankasri FM Radio Live Entertain people all over the world with Creative Tamil Programs and Tamil songs and music.Listen to Lankasri FM tamil radio online ",https://raw.githubusercontent.com/iarinapps/RadiosImages/refs/heads/main/lankasrifm.jpg
KS Chitra Radio,https://stream.zeno.fm/aad4e51qz7zuv,KS Chitra Radio plays the evergreen songs sung by chinna kuyil.KS Chitra Radio plays the super hit songs in Tamil language.Listen to KS Chitra Radio Tamil radio station online.,https://raw.githubusercontent.com/iarinapps/RadiosImages/refs/heads/main/ks-chitra.jpg
Vasantha Ragam FM,https://stream.zeno.fm/xpbsngksa2zuv,"Vasantha Ragam FM plays well known melodies of Tamil lite hits fall into yours ears round the clock 24/7 with Super melody hits collections.Listen to the best of melody songs collections.Listen to Vasantha Ragam FM Tamil radio online.
இனணய வழியில் இசையின் பந்தம் , இது நமது வசந்தராகம் தமிழ் இணைய வானொலி",https://raw.githubusercontent.com/iarinapps/RadiosImages/refs/heads/main/vasantha-ragam.jpg
Isaiyaruvi FM,https://cp1.hostcrate.com/8910/stream,"Isaiyaruvifm.com The Sound of Music.It’s a Tamil Entertainment Radio Station.
isaiyaruvi LIVE RADIO, established in 26-Jul-2010, broadcasts live 24×7 Tamil music over the Internet.Listen to Isaiyaruvi FM Tamil radio station online .",https://raw.githubusercontent.com/iarinapps/RadiosImages/refs/heads/main/isai.jpg
Valipokan FM,https://stream.zeno.fm/dcts7v7sef9uv,Valipokan FM is a Tamil online radio station.It plays Tamil Talks of Suki sivam and Tamil various Tamil Hits songs.,https://raw.githubusercontent.com/iarinapps/RadiosImages/refs/heads/main/valipokan1.jpg
Thendral FM Radio,https://stream.zeno.fm/xzt706p3h2zuv,THENDRAL FM Radio is a free 24×7 internet radio station broadcasting from Madathuppatti(INDIA).THENDRAL FM makes you a non-stop entertainer with Heart stealing Tamil Songs.Listen to Thendral FM Radio station online.,https://raw.githubusercontent.com/iarinapps/RadiosImages/refs/heads/main/thendral-fm.jpg
Eye Tamil Radio,https://streams.radio.co/s937ac5492/listen,"Eye Tamil Radio is online Tamil radio station broadcasting from Canada.Eye Tamil Radio Plays popular tamil songs and Telephone programs.Eye Tamil radio plays Daily Tamil cultural programs, news and events.Eye Tamil Radio is a Tamil digital radio station based in Canada.Listen to Eye Tamil Radio online live from canada.",https://raw.githubusercontent.com/iarinapps/RadiosImages/refs/heads/main/itamil.jpg
Magizhchi FM,https://usa15.fastcast4u.com/proxy/magizhchifm?mp=/1,Magizhchi FM is a Tamilonline radio station broadcasting from Tirunelveli Tamilnadu.Magizhchi FM showcases the talents of Tamil people from around the world.Magizhchi FM plays super hit Tamil songs non stop 24/7 live.listen to Magizhchi FM radio station online.,https://raw.githubusercontent.com/iarinapps/RadiosImages/refs/heads/main/magizhchifm.jpg
SS Radio Natham,https://stream.rcast.net/68750,"SS Radio Natham is No. 1 Tamil Online Radio Station and First Online Radio in Natham Dindigul.Our SS Radio Playing 24X7 Dolby HD Song and Programme.SS Radio Natham plays non stop Tamil super hit songs and Tamil Music online.
Top Shows
Vidiyal Thandi Varuvaya with Rj Thulasi
Kavithai Saral with Rj Raathi
Student Corner with Elizha Teacher
Patti Vaithiyam with Rj Jenifer
Ulagam Sutrum Valibarkal with Rj Mani and Rj Bharani",https://raw.githubusercontent.com/iarinapps/RadiosImages/refs/heads/main/ss-radio-natham.jpg
Vaanambadi Vaanoli,https://usa9.fastcast4u.com/proxy/vaanambadifm?mp=/1,"Vaanambadi Vaanoli is Tamil Online Radio Service From Sweden.Join With Us To Enjay Unlimited Fun With Tamil Music.Vaanambadi Tamil Radio-24/7 Tamil Online Radio.காற்றலையில் வானம்பாடி தமிழ் எங்கள் உயிர் நாடி.
Listen to Vaanambadi Vaanoli Tamil radio station online.",https://raw.githubusercontent.com/iarinapps/RadiosImages/refs/heads/main/vanambadivaanoli.jpg
Tamil Amuthu Mellisai radio,https://stream.zeno.fm/bfh4ywts2f8uv,"Tamil Amuthu Mellisai Radio is a music that gives peace of mind to the mind without rest and a lullaby to the eyes that make you fall asleep.Listen to Tamil Amuthu Melody radio online,நிம்மதி இல்லா மனங்களுக்கு மன அமைதி தரும் இசையாய்,தூக்கம் வரா விழிகளுக்கு தாலாட்டாய் இது தமிழ் அமுது மெல்லிசை வானொலி …. 24 மணி நேரமும் இடைவிடாமல் ….உலகம் முழுவதும் ஒலிக்கும் ஒரே வானொலி தமிழ் அமுது மெல்லிசை வானொலி.",https://raw.githubusercontent.com/iarinapps/RadiosImages/refs/heads/main/mellisai.jpg
Tamil Amuthu Covai Radio,https://stream.zeno.fm/dzxv07vktp8uv," Tamil Amuthu COVAI Radio covers various kinds of hits and all set to engage you with this exciting and engaging radio station that is available to enjoy for everyone around the world and the radio is also online 24/7. So, if you like Tamil Amuthu COVAI radio hit the play button and enjoy the music of your choice with the radio.Listen to Tamil Amuthu COVAI Radio station online.
இணையத்தில் முதலிடம்…. உங்கள் இதயத்திலும் முதலிடம்….இது உங்கள் தமிழ் அமுது கோவை வானொலி… இசையால் உலக தமிழர்களை ஈர்த்து கொண்டிருப்பது உங்கள் தமிழ் அமுது கோவை வானொலி….",https://raw.githubusercontent.com/iarinapps/RadiosImages/refs/heads/main/kovai.jpg
Swiss Tamil Radio,https://usa19.fastcast4u.com/swiss,"Swiss Tamil Radio is a Tamil online radio station playing from Switzerland.It plays your favourite songs podcasts , music and Tamil Shows.Listen to Swiss taml radio online",https://raw.githubusercontent.com/iarinapps/RadiosImages/refs/heads/main/swisstamilradio.png
Ullasam FM,https://eu10.fastcast4u.com:6740/stream,"Ullasam FM is Tamil radio station Broadcasting From Tamilnadu, Mannargudi. Listen to your favorite Tamil songs and top Tamil songs. Ullasam FM radio station covers many variety programs broadcasting the best Tamil songs and best shows from your favorite DJs. Listen to Ullasam FM online radio ,வானொலி சொந்தங்களுக்காக இணையத்தில் இடைவிடாத இன்னிசை பாடல்களை வழங்க உங்களுக்காக தொடங்கப்பட்டது நமது உல்லாசம் வானொலி..",https://raw.githubusercontent.com/iarinapps/RadiosImages/refs/heads/main/ullasam-fm.jpg
Radio Beat Tamil,https://listen.openstream.co/3372/audio,Radio Beat TamilHD is a Tamil online radio station.It plays the best of Tamil songs in Rdaio format.Radio beat Tamil plays the best of Tamil songs Selected by the top RJ.Listen to radio beat Tamil radio station online.,https://raw.githubusercontent.com/iarinapps/RadiosImages/refs/heads/main/radiobeat.jpg
Radio Mist Ooty,https://stream.zeno.fm/81gn28sbna0uv,Radio Mist is an Tamil online radio station from Ooty Nilgiris.Jolly ah kelunga jillunu irunga .Ooty’s No 1 online Radio.Listen to the most entertaining programs along with information’s which is streamed 24/7 Radio mist is the one and only private online radio in The Nilgiris,https://raw.githubusercontent.com/iarinapps/RadiosImages/refs/heads/main/radiomistooty.jpg
Tamil Amuthu Life Radio,https://stream.zeno.fm/0x1cks0cup8uv,"Tamil Amuthu Life Radio is WORLD’S FIRST TAMIL RADIO PLAY 24X7 TAMIL SONGS WITH PHILOSOPHY….Tamil Amuthu Life Radio plays Tamil songs along with motivation speeches on Tamil.
உலகின் முதல் தமிழ் வானொலி வாழ்க்கை தத்துவங்களுடன் இனிய பாடல்கள்… உங்கள் செவிகளில் ரிங்காரமிட்டு கொண்டிருப்பது தமிழ் அமுது லைஃப் வானொலி…",https://raw.githubusercontent.com/iarinapps/RadiosImages/refs/heads/main/tamil-amuthu-life-radio.jpg
Tamil Amuthu Kovilpatti Radio,https://stream.zeno.fm/4cmhxc3ktp8uv," Tamil Amuthu Kovilpatti Radio covers various kinds of hits and all set to engage you with this exciting and engaging radio station that is available to enjoy for everyone around the world and the radio is also online 24/7. So, if you like Tamil Amuthu Kovilpatti radio hit the play button and enjoy the music of your choice with the radio.Listen to Tamil Amuthu KovilpattiRadio station online.
இணையத்தில் முதலிடம்…. உங்கள் இதயத்திலும் முதலிடம்….இது உங்கள் தமிழ் அமுது கோவில்பட்டி வானொலி… இசையால் உலக தமிழர்களை ஈர்த்து கொண்டிருப்பது உங்கள் தமிழ் அமுது கோவில்பட்டி வானொலி….",https://raw.githubusercontent.com/iarinapps/RadiosImages/refs/heads/main/kovilpatti.jpg
Tamil Amuthu Madurai Radio,https://stream.zeno.fm/utmhndkgtp8uv,"Tamil Amuthu Madurai Radio covers various kinds of hits and all set to engage you with this exciting and engaging radio station that is available to enjoy for everyone around the world and the radio is also online 24/7. So, if you like Tamil Amuthu Madurai radio hit the play button and enjoy the music of your choice with the radio.Listen to Tamil Amuthu Madurai Radio station online.,இணையத்தில் முதலிடம்…. உங்கள் இதயத்திலும் முதலிடம்….சங்கம் வைத்து தமிழ் வளர்த்த மதுரையிலும் முதலிடம்…….இது உங்கள் தமிழ் அமுது மதுரை வானொலி… இசையால் உலக தமிழர்களை ஈர்த்து கொண்டிருப்பது உங்கள் தமிழ் அமுது மதுரை வானொலி…. தொடர்ந்தும் இணைந்திருங்கள் இணையத்தின் வழியாக…",https://raw.githubusercontent.com/iarinapps/RadiosImages/refs/heads/main/tamil-amauthu-madurai.jpg
Tamil Murasam,https://tamilmurasam.radioca.st/stream,"தமிழ் முரசம்-உங்கள் முரசம்,நோர்வேயில் முதன்மைத் தமிழ் வானொலி.பொங்கும் தமிழை பொலிவுறச் செய்யும் தமிழ்முரசம்!
Tamil murasam as an online tamil radio sttaion from Norway.Tamil murasam radio plays tamil songs online.Listen to Tamil murasam radio online.
email: tamilmurasam@gmail.com",https://raw.githubusercontent.com/iarinapps/RadiosImages/refs/heads/main/tamilmurasam.jpg
Tamil Amuthu Nellai Radio,https://stream.zeno.fm/gdkvpstgtp8uv,"Tamil Amuthu Nellai Radio covers various kinds of hits and all set to engage you with this exciting and engaging radio station that is available to enjoy for everyone around the world and the radio is also online 24/7. So, if you like Tamil Amuthu Nellai radio hit the play button and enjoy the music of your choice with the radio.Listen to Tamil Amuthu Nellai Radio station online.",https://raw.githubusercontent.com/iarinapps/RadiosImages/refs/heads/main/tamilamuthunellai.jpg
Sivan Radio,https://sivanradio.radioca.st/stream,Sivan Radio Tamil Is a Tamil hindu devaotional radio station playing songs of of Lord Shiva.Sivan Rdaio plays Playing non stop Sivan’s devotional songs to the Tamil Hindu community around the world.Listen to Sivan Radio to listen to all hindu devotional songs,https://raw.githubusercontent.com/iarinapps/RadiosImages/refs/heads/main/sivanradio.jpg
Mazhai FM,https://stream.zeno.fm/yu4c9ms3h2zuv,MAZHAIFM FM Radio is a free 24×7 internet radio station broadcasting from Madathuppatti(INDIA).MAZHAI FM makes you non-stop entertainer with Heart stealing Tamil 80s hits Songs.Lusten to Mazhai FM Tamil radio station online.,https://raw.githubusercontent.com/iarinapps/RadiosImages/refs/heads/main/mazhai-fm.jpg
Tamil Amuthu Sivakasi Radio,https://stream.zeno.fm/nxggffwgtp8uv,"Tamil Amuthu SIVAKASI Radio covers various kinds of hits and all set to engage you with this exciting and engaging radio station that is available to enjoy for everyone around the world and the radio is also online 24/7. So, if you like Tamil Amuthu SIVAKASI radio hit the play button and enjoy the music of your choice with the radio.Listen to Tamil Amuthu SIVAKASI Radio station online.
இணையத்தில் முதலிடம்…. உங்கள் இதயத்திலும் முதலிடம்….இது உங்கள் தமிழ் அமுது சிவகாசி வானொலி… இசையால் உலக தமிழர்களை ஈர்த்து கொண்டிருப்பது உங்கள் தமிழ் அமுது சிவகாசி வானொலி….",https://raw.githubusercontent.com/iarinapps/RadiosImages/refs/heads/main/sivakasi.jpg
Tamil Amuthu Trichy Radio,https://stream.zeno.fm/feyrkb9htp8uv,"Tamil Amuthu Trichy Radio covers various kinds of hits and all set to engage you with this exciting and engaging radio station that is available to enjoy for everyone around the world and the radio is also online 24/7. So, if you like Tamil Amuthu TRICHY radio hit the play button and enjoy the music of your choice with the radio.Listen to Tamil Amuthu TRICHY Radio station online.
இணையத்தில் முதலிடம்…. உங்கள் இதயத்திலும் முதலிடம்….இது உங்கள் தமிழ் அமுது திருச்சி வானொலி… இசையால் உலக தமிழர்களை ஈர்த்து கொண்டிருப்பது உங்கள் தமிழ் அமுது திருச்சி வானொலி….",https://raw.githubusercontent.com/iarinapps/RadiosImages/refs/heads/main/trichy.jpg
The Leader FM,https://stream.zeno.fm/whwy245c2wzuv,"The Leader FM always support and encouraged to youngsters, Women’s, and students to show their talents. Especially, It has started for village students and talented artists. Leader FM shows brings 24/7 for Tamil Nadu traditional, culture, History, Agriculture and Lifestyle and so. Our shows more useful and make entertained to you. Our anchors are well talented artists from different cities in the Tamil Nadu.Listen to The Leader FM Tamil radio station online.",https://raw.githubusercontent.com/iarinapps/RadiosImages/refs/heads/main/the-leader-fm.jpg
Isai FM,https://stream.zeno.fm/7b78sdv2x1zuv,"Isaifm tamil is a Tamil online digital radio station playing non stop Tamil super hit songs with out any commercials and Breaks.Listen to Kollywood songs non stop live only on Isai FM.
Isai FM online உலகத்தின் உச்ச இசை",https://raw.githubusercontent.com/iarinapps/RadiosImages/refs/heads/main/isai-fm.jpg
Arumbu FM,https://stream.zenolive.com/22db1xmde2zuv,"Arumbu FM is a Tamil internet radio station from Aruppukkottai,Tamil Nadu, India.Arumbu FM plays non stop Tamil super hit songs.Listen to Arumbu FM Tamil internet radio station online.",https://raw.githubusercontent.com/iarinapps/RadiosImages/refs/heads/main/arumbufm.jpg
Thuthi FM,https://streams.radio.co/s790fe269d/listen,Thuthi FM is a Tamil Christian Radio broadcasting live from Norway to the ends of the earth. Thuthi FM plays a variety of Tamil Christian Gospel songs just for youths and adults.Listen to Thuthi FM live streaming online,https://raw.githubusercontent.com/iarinapps/RadiosImages/refs/heads/main/thuthifm.jpg
Yaazhisai FM,https://stream.zeno.fm/nxb2dpmmhm8uv,"Yaazhisai FM is a Tamil music based FM Radio Station.With Yaazhisai FM you can feel good when hering our fm radio station this channel will telecast tamil movies, religious and gods songs… we will telecast innovative Tamil programs and Tamil songs.Listen to Yaazhisai radio station online.",https://raw.githubusercontent.com/iarinapps/RadiosImages/refs/heads/main/yaazhisai.jpg
CTBC Radio,https://radio.massstream.net:7003/Muthamil.mp3," CTBC Radio Canadian Tamil Broadcasting Corporation is Worlds first 24 hours Tamil Radio station operating from Toronto, Canada.CTBC Radio plays programmes for Tamil persons in canada.Listen to Canadian Tamil Broadcasting Corporation radio station online.
உலகின் முதல் 24 மணிநேர தனித் தமிழ் வானொலி",https://raw.githubusercontent.com/iarinapps/RadiosImages/refs/heads/main/ctbc.jpg
Mukil FM Radio,https://stream.zeno.fm/phv06yfkwzzuv,MUKIL FM Radio is a free 24×7 internet radio station broadcasting from Madathuppatti(INDIA).MUKIL FM makes you a non-stop entertainer with Heart stealing Tamil old Songs.Listen to Mukil FM Radio station online.,https://raw.githubusercontent.com/iarinapps/RadiosImages/refs/heads/main/mukil-fm-radio.jpg
Life FM,https://stream.zeno.fm/37tsftts91zuv,"Life FM Tamil Media has supported and connected of where they are—through spoken word programming in their mother tongues. Our aim is to help listeners “feel at home” despite being hundreds or thousands of miles away from it. We continue to create new programme and services to the listeners around the globe.Listen to Life FM Karur Tamil radio station online.
E-Mail : info@lifefm.in",https://raw.githubusercontent.com/iarinapps/RadiosImages/refs/heads/main/life-fm.jpg
Tamil Amuthu Thullisai Radio,https://stream.zeno.fm/e6acrqrq2f8uv,"Tamil Amuthu Thullisai Radio is the one and only Tamil radio that plays all the time rocking tamil songs through online.Listen to Tamil Amuthu Thullisai Radio radio station online.
இணையத்தில் 24 மணி நேரமும் துள்ளல் இசை மட்டுமே ஒலிக்கும் ஒரே இணைய வானொலி தமிழ் அமுது துள்ளிசை வானொலி…",https://raw.githubusercontent.com/iarinapps/RadiosImages/refs/heads/main/thullisai.jpg
Tamil Latest Hits Radio,https://stream.zeno.fm/dkxftg6k7tzuv,Listen to Tamil Latest Hits Radio which bring you the latest hits songs from kollwood. Tamil Latest Hits Radio is playing non stop 24/7 non stop latest Tamil super hit songs online.,https://raw.githubusercontent.com/iarinapps/RadiosImages/refs/heads/main/tamillatesthits.jpg
Tamil Panpalai Oceania,https://tamilpanpalai.radioca.st/stream,"Tamil Panpalai Oceania is a Tamil online radio station broadcasting from Hamilton, New Zealand.It play Tamil songs from all Eras.Listen to Melody classic and new Tamil hit songs from Kollywood telecasting live 24 x7 only on Tamil Panpalai Oceania New Zealand Tamil radio station online.",https://raw.githubusercontent.com/iarinapps/RadiosImages/refs/heads/main/Tamil-Panpalai.jpg
Lion Tamil Radio,https://stream.zeno.fm/qtadbnkgeq8uv,Lion Tamil Radio is a Sister stations of lion FM this Radio station broadcasts Tamil music 24×7 Live from Sri Lanka.Lion Tamil Radio plays super hit Tamil music and songs online.Listen to Lion Tamil Radio station online.,https://raw.githubusercontent.com/iarinapps/RadiosImages/refs/heads/main/liontamilradio.jpg
Ilamai FM,https://stream.zeno.fm/0e1hpuh2t9duv,"Ilamai FM is a Tamil radio staion broadcasting online from Sri Lanka.Ilmai FM listeners can request songs online.
Listen to Ilamai FM Tamil radio station online.
தமிழ் மண்ணிலிருந்து தமிழர்களுக்காக இயங்கும் இணைய சேவையே இளமை.
இளமை FM இது இளசுகளின் இனிமை கொண்டாட்டம்.நேரடி கலையகத்தில் இருந்து இப்போது முதல் உங்கள் விருப்ப பாடல்கள் மற்றும் வாழ்த்துக்கள் உடன் இணைந்து இருக்கலாம்",https://raw.githubusercontent.com/iarinapps/RadiosImages/refs/heads/main/ilamaifm.jpg
Ajith FM,https://stream.zeno.fm/ntkhu40k17zuv,Ajith FM is a Tamil online radio station playing super hits movie songs of MR Ajith kumar. Also known as Thala has a huge Fan base across south India.Listen to Ajith FM Tamil radio station online.,https://raw.githubusercontent.com/iarinapps/RadiosImages/refs/heads/main/ajith-fm.jpg
The Big FM,https://s5.voscast.com:9539/s5.voscast.com,The Big FM is Tamil online radio station broadcasting online from Jaffna Sri Lanka.Big FM Jaffna plays super hi Tamil songs online live.The Big FM can be listen online all over the world through this website.Listen to Big FM Jaffna playing Tamil super hit radio station online.,https://raw.githubusercontent.com/iarinapps/RadiosImages/refs/heads/main/thebigfm2.jpg
Devaprasannam Radio,https://devaprasannam-a9media.radioca.st/stream,"Devaprasannam Radio is Online Tamil Christian Radio Station.Devaprasannam Radio plsys christian preachings in Tamil and Christian jesus songs live online.
தேவப்பிரசன்னம் இணையத்தள வானொலி, தேவனின் கிருபையினால் 2009 முதல் ஜெர்மனியிலிருந்து உலகெங்கிலும் ஒலிபரப்பாகிக் கொண்டிருக்கிறது.",https://raw.githubusercontent.com/iarinapps/RadiosImages/refs/heads/main/devaprasannam.jpg
Yuwave Radio,https://securestreams7.autopo.st/?uri=http://perseverance.shoutca.st:8482/stream?type=http&amp,"Yuwave Tamil Radio Online is an Initiative by Chandrans Yuva, We entertain people with an awesome collections of songs which in terms also has multilingual. We do lot of programs and mimics that keeps you entertained.",https://raw.githubusercontent.com/iarinapps/RadiosImages/refs/heads/main/yuwave.jpg
Krishna FM,https://stream.zeno.fm/gdpufetpuy8uv,"கிருஷ்ணா இணையதள வானொலி இசை ஓர் ஆனந்தம் இசையோடு எப்போதும் இணைந்து இருப்போம் இசை ஓர் கொண்டாட்டம்; இசை ஓர் வசீகரம்.இசை ஓர் ஆனந்தம்;இசை ஓர் உறவு; இசையால் தான் உலகம் சுழலுகிறது..
Listen to Krishna FM Tamil radio station online playing the best of Tamil super hit songs.",https://raw.githubusercontent.com/iarinapps/RadiosImages/refs/heads/main/krishnafm.jpg
Nesaganam Radio,https://usa9.fastcast4u.com/proxy/nesaganam?mp=/1,Nesaganam Radio is a Tamil Internet radio station playing non stop tamil super hit songs.Listen to Nesaganam tamil online Radio,https://raw.githubusercontent.com/iarinapps/RadiosImages/refs/heads/main/nesaganam.jpg
ஊரி தமிழ் வானொலி- Uri,https://stream.zenolive.com/e1vn44f6sfeuv,"Uri tamil radio is a Tamil Talk radio having programs related to Tamil identity and Tamil culture.Listen to Uri Tamil radio staion online.
ஊரி தமிழ் வானொலி உலகத் தமிழர்களின் உறவுப் பாலமாய், உங்கள் உணர்விற்கு வலுச் சேர்க்கும் வண்ணம் – புதுமைகளின் புரட்சியாய் புரட்சி படைக்கிறது உங்கள் புரட்சி வானொலி.",https://raw.githubusercontent.com/iarinapps/RadiosImages/refs/heads/main/uri-tamil.jpg
Pozhil FM,https://stream.zeno.fm/ssnf4ya44d0uv,"Pozhil FM brings you non-stop Tamil Literary songs.It plays devotional Tamil literature and other literature songs.Listen to Pozhil FM Tamil radio station online.
பொழில் பண்பலை Email: punggolcc.iaec@gmail.com",https://raw.githubusercontent.com/iarinapps/RadiosImages/refs/heads/main/pozhilfm.jpg
Udayan Radio,https://stream.zeno.fm/uf1a6guf1k0uv,Udayan Radio Tamil radio station online.Udayan Radio plays super hit Tamil songs.Listen to super hit Tamil radio radio station playing live online from Tamilnadu.,https://raw.githubusercontent.com/iarinapps/RadiosImages/refs/heads/main/udayamradio.jpg
DJ Shifan Radio,https://node-17.zeno.fm/8vw9hec3kwzuv,"DJ Shifan Radio is a Tamil online radio from Sri Lanka.DJ Shafan radio plays non stop Tamil songs live.
Listen to DJ Shafan Radio station online.
டீஜே ஷிபான் ரேடியோ இதில் 24 மணி நேரம் இசையே உங்களுக்கு கேட்கும். உலகமெங்கும் வாழும் தமிழ் பேசும் உறவுகளுடன் பயணிக்கிறது இந்த இசை வானொலி. உங்கள் இணையதளம் மற்றும் வானொலி செயழிகள் உருவாக்க வேண்டுமாக இருந்தால், என்னை நீங்கள் தொடர்பு கொள்ளலாம்.
வைபர் வட்ஸப் ஐ எம் ஓ இலக்கம் +94 75 22 777 67 , இதன் வழியே அழைக்கலாம்.",https://raw.githubusercontent.com/iarinapps/RadiosImages/refs/heads/main/djshafan.jpg
Thuli FM,https://s4.voscast.com:8735/stream,"Thuli Vanoli or Thuli FM is a Tamil online radio station braodcasting from France.Listen to Thuli FM Tamil radio station online.
தமிழ் போற்றும் நல்லுலகில் ஒரு துளி …நமது துளிவானொலி
thulivaanoli@gmail.com",https://raw.githubusercontent.com/iarinapps/RadiosImages/refs/heads/main/thulifm.jpg
Mjoy FM,https://stream.zeno.fm/e7yqb8fe84zuv,Mjoy FM is a Tamil online radio station broadcasting from Tamil Nadu. It plays non stop Tamil super hits songs live non stop.Listen to the best of Kollywood songs.Listen to Mjoy FM Tamil radio station online.,https://raw.githubusercontent.com/iarinapps/RadiosImages/refs/heads/main/mjoyfm.jpg
I Star Radio,https://stream.zeno.fm/bhaubcdww8quv,I Star Radio is a Tamil online radio station broadcasting from Kandy Sri Lanka.Listen to the best of Tamil songs live on I Star Radio.Listen to I Star Radio Tamil radio station online.,https://raw.githubusercontent.com/iarinapps/RadiosImages/refs/heads/main/istarradio.jpg
Irai Oli,https://streamingv2.shoutcast.com/iraivarthai?lang=en%2cen-US%3bq%3d0.9,"இறை ஒலி – இணையதள வானொலி.Irai Varthai இறைவார்த்தை. Preach the Word of God.
Listen to Irai Oli Tamil christian radio station online from Sri Lanka.",https://raw.githubusercontent.com/iarinapps/RadiosImages/refs/heads/main/IRAIOLI.jpg
Jei FM,https://usa3.fastcast4u.com/proxy/jeifm?mp=/1,Jei FM Indrum Endrumdum Isai Swarangal @ Soul Of Entertainment.JEI FM is a radio station that aims to change the radio environment in India.Jei FM tamil is a non stop Tamil radio playing Super kollywood songs from Malaysia.Listen to Jei FM Tamil Live streaming online,https://raw.githubusercontent.com/iarinapps/RadiosImages/refs/heads/main/jeifm.jpg
Thamilaruvi Radio Germany,https://servidor18-4.brlogic.com:7740/live,"Thamilaruvi Radio Germany TRG is a Tamil online radio station broadcasting from Germany.Thamilaruvi Radio Germany
is the best Tamil radio station in Germany.TRG Plays Tamil songa and Tamil programmes.Listen to Thamilaruvi Radio Germany online.",https://raw.githubusercontent.com/iarinapps/RadiosImages/refs/heads/main/trg.jpg
Sydney Vanoli,https://servidor23-3.brlogic.com:7022/live,"Sydney Tamil Radio – Sydney Painthamizhar Vanoli is a Tamil online radio station broadcasting from Sydney Australia.Listen to the best of Tamil songs from Australia.
வணக்கம் சிட்னி – சிட்னி பைந்தமிழர் வானொலி",https://raw.githubusercontent.com/iarinapps/RadiosImages/refs/heads/main/sydneytamil.jpg
Kummalam Radio,https://kummalam.stream.laut.fm/kummalam,Kummalam Radio is a Tamil online radio station from Berlin Germany.Kummalam Radio plays super hit Tamil radio station online playing super hit Kollywood songs.Listen to Kummalam Radio sttion online.,https://raw.githubusercontent.com/iarinapps/RadiosImages/refs/heads/main/kummalamradio.jpg
Thendral World Radio,https://thenralw.radioca.st/LiveStream,This is THENRAL WORLD RADIO(TWR) from Germany. The programmes are also streamed live on the Internet from this site. We were the first to broadcast programmes directly on the net in MP3 format. Melodious music streams in from the new/old film songs to brighten up the day. Our announcers add spice to our programmes by being conversant with the latest Technology.We are using now Ultra High Definition+(UHD+)SoundFilter Technology. Our own FilterScript(new). First time sound stream technology on the Web.Listen to Thendral World Radio station online.,https://raw.githubusercontent.com/iarinapps/RadiosImages/refs/heads/main/thendralfm-1.jpg
Kathiravan FM,https://kathiravanfm-prabak78.radioca.st/stream,Kathiravan FM is a Tamil online radio station broadcasting from Tamilnadu.Listen to the best of nostalogic Tamil songs and Tamil super hits.Listen to Kathiravan FM digital Tamil online radio station.,https://raw.githubusercontent.com/iarinapps/RadiosImages/refs/heads/main/kathiravanfm-1.jpg
Thenaruvi FM,https://thenaruvivaanoli.radioca.st/stream,"Thenaruvi FM is a Tamil online radio station playing from Tamilnadu.It plays the best of Tamil songs and Has Live RJ,Listen to Then aruvi fm Radio station online.",https://raw.githubusercontent.com/iarinapps/RadiosImages/refs/heads/main/thearuvifm.jpg
Vividh Bharati,https://air.pc.cdn.bitgravity.com/air/live/pbaudio001/playlist.m3u8,,https://raw.githubusercontent.com/iarinapps/RadiosImages/refs/heads/main/vividh-bharati.jpg
AIR Tamil,https://air.pc.cdn.bitgravity.com/air/live/pbaudio025/playlist.m3u8,,https://raw.githubusercontent.com/iarinapps/RadiosImages/refs/heads/main/air-tamil.jpg
AIR Coimbatore,https://air.pc.cdn.bitgravity.com/air/live/pbaudio016/playlist.m3u8,,https://raw.githubusercontent.com/iarinapps/RadiosImages/refs/heads/main/aircoimbatore-1.jpg
AIR TIRUNELVELI PC,https://air.pc.cdn.bitgravity.com/air/live/pbaudio061/playlist.m3u8,,https://raw.githubusercontent.com/iarinapps/RadiosImages/refs/heads/main/airtirunelveli.jpg
AIR Tiruchirappalli FM,https://air.pc.cdn.bitgravity.com/air/live/pbaudio040/playlist.m3u8,,https://raw.githubusercontent.com/iarinapps/RadiosImages/refs/heads/main/airtiruchirappallifm.jpg
Nagercoil Kumari FM,https://air.pc.cdn.bitgravity.com/air/live/pbaudio129/playlist.m3u8,,https://raw.githubusercontent.com/iarinapps/RadiosImages/refs/heads/main/nagercoilkumarifm-1.jpg
AIR Coimbatore FM Rainbow,https://air.pc.cdn.bitgravity.com/air/live/pbaudio017/playlist.m3u8,,https://raw.githubusercontent.com/iarinapps/RadiosImages/refs/heads/main/aircoimbatorefmrainbow.jpg
AIR Dharmapuri,https://air.pc.cdn.bitgravity.com/air/live/pbaudio078/playlist.m3u8,,https://raw.githubusercontent.com/iarinapps/RadiosImages/refs/heads/main/RADIO_431421.jpg
AIR Karaikal,https://air.pc.cdn.bitgravity.com/air/live/pbaudio050/playlist.m3u8,,https://raw.githubusercontent.com/iarinapps/RadiosImages/refs/heads/main/RADIO_850420.jpg
AIR CHENNAI B,https://air.pc.cdn.bitgravity.com/air/live/pbaudio020/playlist.m3u8,,https://raw.githubusercontent.com/iarinapps/RadiosImages/refs/heads/main/RADIO_831327.jpg
AIR CHENNAI VBS,https://air.pc.cdn.bitgravity.com/air/live/pbaudio024/playlist.m3u8,,https://raw.githubusercontent.com/iarinapps/RadiosImages/refs/heads/main/RADIO_361667.jpg
AIR CHENNAI PC,https://air.pc.cdn.bitgravity.com/air/live/pbaudio023/playlist.m3u8,,https://raw.githubusercontent.com/iarinapps/RadiosImages/refs/heads/main/RADIO_271861.jpg
AIR CHENNAI RAINBOW,https://air.pc.cdn.bitgravity.com/air/live/pbaudio022/playlist.m3u8,,https://raw.githubusercontent.com/iarinapps/RadiosImages/refs/heads/main/RADIO_327320.jpg
AIR CHENNAI FM GOLD,https://air.pc.cdn.bitgravity.com/air/live/pbaudio021/playlist.m3u8,,https://raw.githubusercontent.com/iarinapps/RadiosImages/refs/heads/main/RADIO_121071.jpg
AIR Tiruchirapalli PC,https://air.pc.cdn.bitgravity.com/air/live/pbaudio041/playlist.m3u8,,https://raw.githubusercontent.com/iarinapps/RadiosImages/refs/heads/main/RADIO_763368.jpg
AIR Puducherry Rainbow,https://air.pc.cdn.bitgravity.com/air/live/pbaudio098/playlist.m3u8,,https://raw.githubusercontent.com/iarinapps/RadiosImages/refs/heads/main/RADIO_224333.jpg
AIR Puducherry PC,https://air.pc.cdn.bitgravity.com/air/live/pbaudio097/playlist.m3u8,,https://raw.githubusercontent.com/iarinapps/RadiosImages/refs/heads/main/RADIO_330207.jpg
AIR Tuticorin,https://air.pc.cdn.bitgravity.com/air/live/pbaudio121/playlist.m3u8,,https://raw.githubusercontent.com/iarinapps/RadiosImages/refs/heads/main/RADIO_750850.jpg
Agaram FM,https://stream-43.zeno.fm/ynuoddjfosluv,"Viber Whatsap Imo          : +94 74 387 2030
Website                               : <a href=""http://www.agaramradio.com/"" target=""_blank"" rel=""noopener"" data-saferedirecturl=""https://www.google.com/url?q=http://www.agaramradio.com/&amp;source=gmail&amp;ust=1688440574619000&amp;usg=AOvVaw30DBE9p1YiFUVo85b_ZEZI"">http://www.agaramradio.com</a>
Email                                   : <a href=""mailto:agaramfmradio@gmail.com"" target=""_blank"" rel=""noopener"">agaramfmradio@gmail.com</a>
Country, town,                  : Trincomalee.Srilanka
Facebook Url                    : <a href=""https://www.facebook.com/agaramfm"" target=""_blank"" rel=""noopener"" data-saferedirecturl=""https://www.google.com/url?q=https://www.facebook.com/agaramfm&amp;source=gmail&amp;ust=1688440574619000&amp;usg=AOvVaw3_NgMp2hJFfiyytd8b5iOG"">https://www.facebook.com/<wbr />agaramfm</a>",https://raw.githubusercontent.com/iarinapps/RadiosImages/refs/heads/main/Logo-512-Agaram-Radio.png